{
  "answers": {
    "phase": "deployment",
    "action": "network operations",
    "scope": "api",
    "action experience": 4,
    "target": "yaml/json",
    "aimodel": "gemini 2.0 flash",
    "tool option": "online free",
    "experience with tool": 3,
    "time allocated (h)": "0.2",
    "time saved estimate (h)": "1",
    "quality of ai help": 3,
    "knowledge acquired": 0,
    "generic feeling - now": 4,
    "generic feeling - future": 4,
    "threat level": 0,
    "notes": "A pretty good postman collection for the endpoints of the orchestrator."
  }
}