{
  "answers": {
    "phase": "architecture",
    "action": "architectural decision",
    "scope": "uml component",
    "action experience": 3,
    "target": "microservices",
    "aimodel": "deepseek R1",
    "tool option": "online free",
    "experience with tool": 3,
    "time allocated (h)": "0.1",
    "time saved estimate (h)": "0.7",
    "quality of ai help": 5,
    "knowledge acquired": 3,
    "generic feeling - now": 5,
    "generic feeling - future": 3,
    "threat level": 1,
    "notes": "Very good diagram.The orchestrator is thought to be the same as the API gateway but still an excellent diagram that could be used with few tweaks.\nAlso the proposition of specific services (a succesful one at that is a big plus)."
  }
}