{
  "answers": {
    "phase": "coding",
    "action": "source code authoring",
    "scope": "backend",
    "action experience": 3,
    "target": "python",
    "aimodel": "gemini 2.0 flash",
    "tool option": "online free",
    "experience with tool": 4,
    "time allocated (h)": "0.3",
    "time saved estimate (h)": "1.7",
    "quality of ai help": 2,
    "knowledge acquired": 2,
    "generic feeling - now": 3,
    "generic feeling - future": 2,
    "threat level": 5,
    "notes": "Not what we needed for the RABBITMQ deployment."
  }
}