{
  "answers": {
    "phase": "architecture",
    "action": "architectural decision",
    "scope": "uml component",
    "action experience": 3,
    "target": "microservices",
    "aimodel": "deepseek R1",
    "tool option": "online free",
    "experience with tool": 4,
    "time allocated (h)": "0.1",
    "time saved estimate (h)": "1",
    "quality of ai help": 5,
    "knowledge acquired": 3,
    "generic feeling - now": 5,
    "generic feeling - future": 3,
    "threat level": 2,
    "notes": "Gave a good archtecture.However I am skeptical about the lack of coneectivity between the statistics service and the notification service with the orchestrator.In my mind the orchestrator should be managing all the communication.Also the messaging mediator is though to be needed only in one place which is arbitrary.We would not line messages to be dropeed betwwen any two services.\nAfter nudging in the direction I wanted my architecture to look like,Deepseek got confused and destroyed the architecture altogether by removing connections between services and purging databases."
  }
}