{
  "answers": {
    "phase": "deployment",
    "action": "deployment",
    "scope": "data management",
    "action experience": 4,
    "target": "yaml/json",
    "aimodel": "claude 3.7 sonnet",
    "tool option": "online free",
    "experience with tool": 3,
    "time allocated (h)": "0.1",
    "time saved estimate (h)": "0.4",
    "quality of ai help": 2,
    "knowledge acquired": 2,
    "generic feeling - now": 3,
    "generic feeling - future": 2,
    "threat level": 3,
    "notes": "Better than Gemini.However did not propose a good free approach that is easily available."
  }
}