{
  "answers": {
    "phase": "deployment",
    "action": "dev-ops",
    "scope": "api",
    "action experience": 0,
    "target": "yaml/json",
    "aimodel": "claude 3.7 sonnet",
    "tool option": "online free",
    "experience with tool": 3,
    "time allocated (h)": "0.1",
    "time saved estimate (h)": "2",
    "quality of ai help": 3,
    "knowledge acquired": 2,
    "generic feeling - now": 5,
    "generic feeling - future": 3,
    "threat level": 1,
    "notes": "A good starting point for the config of Krakend."
  }
}