{
  "answers": {
    "phase": "architecture",
    "action": "architectural decision",
    "scope": "uml component",
    "action experience": 2,
    "target": "microservices",
    "aimodel": "claude 3.7 sonnet",
    "tool option": "online free",
    "experience with tool": 2,
    "time allocated (h)": "0.3",
    "time saved estimate (h)": "0.5",
    "quality of ai help": 4,
    "knowledge acquired": 2,
    "generic feeling - now": 4,
    "generic feeling - future": 2,
    "threat level": 2,
    "notes": "Claude had a good understanding of what the architecture should basically look like and it helped by recognizing important services and dividing responsibilities.\nHowever I disagree with how it handled messaging in the final architecture."
  }
}