{
  "answers": {
    "phase": "architecture",
    "action": "architectural decision",
    "scope": "uml component",
    "action experience": 3,
    "target": "microservices",
    "aimodel": "chatgpt 4o",
    "tool option": "online full",
    "experience with tool": 3,
    "time allocated (h)": "0.25",
    "time saved estimate (h)": "0.5",
    "quality of ai help": 2,
    "knowledge acquired": 2,
    "generic feeling - now": 2,
    "generic feeling - future": 3,
    "threat level": 0,
    "notes": "Μου άρεσε πολύ που με ρώτησε πριν προχωρήσει."
  }
}