{
  "answers": {
    "phase": "coding",
    "action": "source code authoring",
    "scope": "backend",
    "action experience": 1,
    "target": "js / node",
    "aimodel": "gemini 2.0 flash",
    "tool option": "online free",
    "experience with tool": 4,
    "time allocated (h)": "0.5",
    "time saved estimate (h)": "1.3",
    "quality of ai help": 2,
    "knowledge acquired": 3,
    "generic feeling - now": 4,
    "generic feeling - future": 2,
    "threat level": 4,
    "notes": "Some good suggestions were made.The implementation however had minor problems."
  }
}