{
  "answers": {
    "phase": "deployment",
    "action": "deployment",
    "scope": "data management",
    "action experience": 4,
    "target": "yaml/json",
    "aimodel": "gemini 2.0 flash",
    "tool option": "online free",
    "experience with tool": 3,
    "time allocated (h)": "0.1",
    "time saved estimate (h)": "0",
    "quality of ai help": 1,
    "knowledge acquired": 1,
    "generic feeling - now": 1,
    "generic feeling - future": 1,
    "threat level": 5,
    "notes": "Not good security advice. Literally not a single industry standard approach was proposed."
  }
}