{
  "answers": {
    "phase": "coding",
    "action": "source code authoring",
    "scope": "backend",
    "action experience": 3,
    "target": "js / node",
    "aimodel": "gemini 2.0 flash",
    "tool option": "online free",
    "experience with tool": 4,
    "time allocated (h)": "0.5",
    "time saved estimate (h)": "2",
    "quality of ai help": 5,
    "knowledge acquired": 3,
    "generic feeling - now": 5,
    "generic feeling - future": 3,
    "threat level": 1,
    "notes": "It was a very good skeleton for the microservice.\nWith some modifications it will become what is expected of it."
  }
}