{
  "answers": {
    "phase": "coding",
    "action": "source code authoring",
    "scope": "backend",
    "action experience": 1,
    "target": "js / node",
    "aimodel": "claude 3.7 sonnet",
    "tool option": "online free",
    "experience with tool": 2,
    "time allocated (h)": "1",
    "time saved estimate (h)": "10",
    "quality of ai help": 4,
    "knowledge acquired": 4,
    "generic feeling - now": 5,
    "generic feeling - future": 3,
    "threat level": 2,
    "notes": "Claude gave a very good implementation that worked from the very beginning.\nThe implementation was simple with no fluff and thus it really helped set off the development of the Institution Credits Microservice."
  }
}