{
  "answers": {
    "phase": "architecture",
    "action": "architectural decision",
    "scope": "uml deployment",
    "action experience": 3,
    "target": "microservices",
    "aimodel": "claude 3.7 sonnet",
    "tool option": "online free",
    "experience with tool": 3,
    "time allocated (h)": "0.3",
    "time saved estimate (h)": "2",
    "quality of ai help": 4,
    "knowledge acquired": 3,
    "generic feeling - now": 5,
    "generic feeling - future": 3,
    "threat level": 2,
    "notes": "Claude Generated a realistic deployment diagram and after a few back and forths,tweaking some mistakes it made,the resulting deployment diagram is almost perfect and what I had in mind in the 1st place."
  }
}