{
  "answers": {
    "phase": "deployment",
    "action": "container operations",
    "scope": "deployment scripts",
    "action experience": 3,
    "target": "shell",
    "aimodel": "chatgpt o3-mini-high",
    "tool option": "online full",
    "experience with tool": 4,
    "time allocated (h)": "0.75",
    "time saved estimate (h)": "1.5",
    "quality of ai help": 4,
    "knowledge acquired": 3,
    "generic feeling - now": 3,
    "generic feeling - future": 4,
    "threat level": 2,
    "notes": ""
  }
}