{
  "answers": {
    "phase": "architecture",
    "action": "architectural decision",
    "scope": "uml component",
    "action experience": 3,
    "target": "microservices",
    "aimodel": "deepseek R1",
    "tool option": "online free",
    "experience with tool": 2,
    "time allocated (h)": "0.2",
    "time saved estimate (h)": "0.3",
    "quality of ai help": 3,
    "knowledge acquired": 3,
    "generic feeling - now": 4,
    "generic feeling - future": 2,
    "threat level": 2,
    "notes": "Η απάντηση ήταν σχετικά καλή.Το Grade Service θεωρώ πως θα μπορούσε να κατατμηστεί παραπάνω.Κάποιες ετικέτες δεν είναι ιδιαίτερα κατανοητές (User CRUD).\nΌμως πρόκειται για μία έγκυρη αρχιτεκτονική microservices."
  }
}