{
  "answers": {
    "phase": "architecture",
    "action": "architectural decision",
    "scope": "uml class",
    "action experience": 3,
    "target": "microservices",
    "aimodel": "claude 3.7 sonnet",
    "tool option": "online free",
    "experience with tool": 3,
    "time allocated (h)": "0.4",
    "time saved estimate (h)": "3",
    "quality of ai help": 4,
    "knowledge acquired": 3,
    "generic feeling - now": 5,
    "generic feeling - future": 3,
    "threat level": 2,
    "notes": "It was a good diagram but very superfluous for what we needed,after some removals I believe it turned out pretty good.It is close to what the team was thinking in the 1st place."
  }
}