{
  "answers": {
    "phase": "design",
    "action": "design decision",
    "scope": "backend",
    "action experience": 3,
    "target": "txt/doc",
    "aimodel": "gemini 2.0 flash",
    "tool option": "online full",
    "experience with tool": 3,
    "time allocated (h)": "0.2",
    "time saved estimate (h)": "1",
    "quality of ai help": 4,
    "knowledge acquired": 4,
    "generic feeling - now": 5,
    "generic feeling - future": 5,
    "threat level": 0,
    "notes": "Standard way of authentication and a good explanation on how to do It with krakend."
  }
}