{
  "answers": {
    "phase": "coding",
    "action": "source code authoring",
    "scope": "backend",
    "action experience": 3,
    "target": "js / node",
    "aimodel": "claude 3.7 sonnet",
    "tool option": "online free",
    "experience with tool": 3,
    "time allocated (h)": "0.3",
    "time saved estimate (h)": "1.7",
    "quality of ai help": 4,
    "knowledge acquired": 4,
    "generic feeling - now": 5,
    "generic feeling - future": 3,
    "threat level": 3,
    "notes": "A good start for the review microservice."
  }
}