{
  "answers": {
    "phase": "architecture",
    "action": "architectural decision",
    "scope": "uml component",
    "action experience": 3,
    "target": "microservices",
    "aimodel": "gemini 2.0 flash",
    "tool option": "online free",
    "experience with tool": 3,
    "time allocated (h)": "0.6",
    "time saved estimate (h)": "2",
    "quality of ai help": 4,
    "knowledge acquired": 3,
    "generic feeling - now": 5,
    "generic feeling - future": 3,
    "threat level": 2,
    "notes": "Given an initial architecture Gemini really gave some good suggestions and at the end produced a realistic diagram that we can implement and makes sense."
  }
}