{
  "answers": {
    "phase": "design",
    "action": "design decision",
    "scope": "backend",
    "action experience": 3,
    "target": "txt/doc",
    "aimodel": "chatgpt 4o",
    "tool option": "online free",
    "experience with tool": 3,
    "time allocated (h)": "0.1",
    "time saved estimate (h)": "0.3",
    "quality of ai help": 4,
    "knowledge acquired": 4,
    "generic feeling - now": 5,
    "generic feeling - future": 3,
    "threat level": 1,
    "notes": "A good summary of where the buisness logic should lie in a microservicea architecture."
  }
}