{
  "answers": {
    "phase": "design",
    "action": "data design",
    "scope": "backend",
    "action experience": 1,
    "target": "txt/doc",
    "aimodel": "claude 3.7 sonnet",
    "tool option": "online free",
    "experience with tool": 4,
    "time allocated (h)": "0.2",
    "time saved estimate (h)": "2",
    "quality of ai help": 3,
    "knowledge acquired": 2,
    "generic feeling - now": 4,
    "generic feeling - future": 3,
    "threat level": 2,
    "notes": "Some good advice. However a nudge was needed to guide claude in the right direction to obtain data resillience. For some reason there was no mention of that in the first two prompts."
  }
}