{
  "answers": {
    "phase": "deployment",
    "action": "container operations",
    "scope": "deployment scripts",
    "action experience": 3,
    "target": "yaml/json",
    "aimodel": "claude 3.7 sonnet",
    "tool option": "online free",
    "experience with tool": 3,
    "time allocated (h)": "0.1",
    "time saved estimate (h)": "0.5",
    "quality of ai help": 3,
    "knowledge acquired": 2,
    "generic feeling - now": 4,
    "generic feeling - future": 2,
    "threat level": 1,
    "notes": "Fixes on the docker compose deployemnt script"
  }
}