{
  "answers": {
    "phase": "deployment",
    "action": "dev-ops",
    "scope": "deployment scripts",
    "action experience": 2,
    "target": "yaml/json",
    "aimodel": "claude 3.7 sonnet",
    "tool option": "online full",
    "experience with tool": 2,
    "time allocated (h)": "1",
    "time saved estimate (h)": "0.2",
    "quality of ai help": 2,
    "knowledge acquired": 2,
    "generic feeling - now": 5,
    "generic feeling - future": 3,
    "threat level": 1,
    "notes": "Help with the deployment of rabbitmq.Not a very good job."
  }
}