{
  "answers": {
    "phase": "architecture",
    "action": "architectural decision",
    "scope": "uml component",
    "action experience": 3,
    "target": "microservices",
    "aimodel": "gemini 2.0 flash",
    "tool option": "online free",
    "experience with tool": 2,
    "time allocated (h)": "0.2",
    "time saved estimate (h)": "2",
    "quality of ai help": 4,
    "knowledge acquired": 5,
    "generic feeling - now": 5,
    "generic feeling - future": 3,
    "threat level": 1,
    "notes": "The final diagram that uses micro front ends is very good.I think with minimal changes it will be the final one we'll be using."
  }
}