{
  "answers": {
    "phase": "deployment",
    "action": "dev-ops",
    "scope": "data management",
    "action experience": 3,
    "target": "shell",
    "aimodel": "claude 3.7 sonnet",
    "tool option": "online full",
    "experience with tool": 3,
    "time allocated (h)": "0.05",
    "time saved estimate (h)": "0.1",
    "quality of ai help": 5,
    "knowledge acquired": 1,
    "generic feeling - now": 5,
    "generic feeling - future": 5,
    "threat level": 0,
    "notes": "Standard way of authentication and a good explanation on how to do It with krakend."
  }
}