{
  "answers": {
    "phase": "architecture",
    "action": "architectural style selection",
    "scope": "uml component",
    "action experience": 3,
    "target": "microservices",
    "aimodel": "gemini 2.0 flash",
    "tool option": "online free",
    "experience with tool": 2,
    "time allocated (h)": "0.2",
    "time saved estimate (h)": "1.5",
    "quality of ai help": 4,
    "knowledge acquired": 3,
    "generic feeling - now": 5,
    "generic feeling - future": 3,
    "threat level": 2,
    "notes": "The whole point of an orchestrator is to centrally manage the communication of the microservices.The resulting architecture does not take that into account and only connects certain microservices to the orchestrator."
  }
}